{"name":"b24c817f-386b-4c43-8637-d0ee991f8911","id":"/providers/Microsoft.Flow/flows/b24c817f-386b-4c43-8637-d0ee991f8911","type":"Microsoft.Flow/flows","properties":{"apiId":"/providers/Microsoft.PowerApps/apis/shared_logicflows","displayName":"Submit a travel request for approval","definition":{"metadata":{"workflowEntityId":null,"processAdvisorMetadata":null,"flowclientsuspensionreason":"None","flowclientsuspensiontime":null,"flowclientsuspensionreasondetails":null,"creator":{"id":"0cb025c4-12f6-4cf0-b349-6eafd689f16c","type":"User","tenantId":"76a2ae5a-9f00-4f6b-95ed-5d33d77c4d61"},"provisioningMethod":"FromDefinition","failureAlertSubscription":true,"clientLastModifiedTime":"2022-11-10T03:53:01.438669Z"},"$schema":"https://schema.management.azure.com/providers/Microsoft.Logic/schemas/2016-06-01/workflowdefinition.json#","contentVersion":"1.0.0.0","parameters":{"$connections":{"defaultValue":{},"type":"Object"},"$authentication":{"defaultValue":{},"type":"SecureObject"},"sharepoint.site":{"defaultValue":"","type":"String"},"sharepoint.list":{"defaultValue":"","type":"String"}},"triggers":{"When_a_new_item_is_created":{"recurrence":{"frequency":"Minute","interval":5},"splitOn":"@triggerBody()?.value","metadata":{"flowSystemMetadata":{"swaggerOperationId":"GetOnNewItems"},"operationMetadataId":"c8ffdd7d-2839-45bb-bc6b-1d5824a7ce3a"},"type":"ApiConnection","inputs":{"host":{"connection":{"name":"@parameters('$connections')['shared_sharepointonline']['connectionId']"},"api":{"runtimeUrl":"https://flow-apim-europe-001-northeurope-01.azure-apim.net/apim/sharepointonline"}},"method":"get","path":"/datasets/@{encodeURIComponent(encodeURIComponent('https://capgemini.sharepoint.com/sites/Microsoft365Certificates/PowerAppsTraining'))}/tables/@{encodeURIComponent(encodeURIComponent('bca1a1c6-0fe1-45b2-b1bf-009ff73da435'))}/onnewitems","authentication":"@parameters('$authentication')"},"conditions":[]}},"actions":{"Condition":{"actions":{"Tag_as_Approved_in_the_SharePoint_list":{"runAfter":{"Apply_to_each_4":["Succeeded"]},"metadata":{"flowSystemMetadata":{"swaggerOperationId":"PatchItem"},"operationMetadataId":"291670fc-25ec-42a5-9665-1967d5f6c769"},"type":"ApiConnection","inputs":{"host":{"connection":{"name":"@parameters('$connections')['shared_sharepointonline']['connectionId']"},"api":{"runtimeUrl":"https://flow-apim-europe-001-northeurope-01.azure-apim.net/apim/sharepointonline"}},"method":"patch","body":{"Title":"@body('Update_item')['Title']","EmployeeID":"@body('Update_item')['EmployeeID']","Description":"@body('Update_item')?['Description']","StartTravelDate":"@triggerBody()?['StartTravelDate']","EndTravelDate":"@triggerBody()?['EndTravelDate']","LocationTravelingFrom":"@body('Update_item')?['LocationTravelingFrom']","LocationTravelingTo":"@body('Update_item')?['LocationTravelingTo']","ExpectedCost":"@body('Update_item')?['ExpectedCost']","Status":{"Value":"Pending Approval From Department Manager"}},"path":"/datasets/@{encodeURIComponent(encodeURIComponent('https://capgemini.sharepoint.com/sites/Microsoft365Certificates/PowerAppsTraining'))}/tables/@{encodeURIComponent(encodeURIComponent('bca1a1c6-0fe1-45b2-b1bf-009ff73da435'))}/items/@{encodeURIComponent(triggerBody()?['ID'])}","authentication":"@parameters('$authentication')"}},"Second_Stage_Approval":{"runAfter":{"Tag_as_Approved_in_the_SharePoint_list":["Succeeded"]},"metadata":{"operationMetadataId":"61625be3-af0d-4811-9748-8a94aabf1506","flowSystemMetadata":{"swaggerOperationId":"StartAndWaitForAnApproval"}},"type":"ApiConnectionWebhook","inputs":{"host":{"connection":{"name":"@parameters('$connections')['shared_approvals']['connectionId']"},"api":{"runtimeUrl":"https://flow-apim-europe-001-westeurope-01.azure-apim.net/apim/approvals"}},"body":{"notificationUrl":"@{listCallbackUrl()}","title":"@body('Tag_as_Approved_in_the_SharePoint_list')['Title']","assignedTo":"mareboina.umesh@capgemini.com;manikya.sharath@capgemini.com;","details":"Iteam:@{body('Tag_as_Approved_in_the_SharePoint_list')['Title']} Please verifi and approve","itemLink":"@body('Tag_as_Approved_in_the_SharePoint_list')?['{Link}']","itemLinkDescription":"@body('Tag_as_Approved_in_the_SharePoint_list')?['{Name}']","enableNotifications":true,"enableReassignment":true},"path":"/types/@{encodeURIComponent('BasicAwaitAll')}/subscriptions","authentication":"@parameters('$authentication')"}},"Condition_2":{"actions":{"Update_item_2":{"runAfter":{"Apply_to_each":["Succeeded"]},"metadata":{"operationMetadataId":"7757d0b1-ad08-4b4a-aa73-b5cdff20fb13","flowSystemMetadata":{"swaggerOperationId":"PatchItem"}},"type":"ApiConnection","inputs":{"host":{"connection":{"name":"@parameters('$connections')['shared_sharepointonline']['connectionId']"},"api":{"runtimeUrl":"https://flow-apim-europe-001-northeurope-01.azure-apim.net/apim/sharepointonline"}},"method":"patch","body":{"Title":"@body('Tag_as_Approved_in_the_SharePoint_list')['Title']","EmployeeID":"@body('Tag_as_Approved_in_the_SharePoint_list')['EmployeeID']","Description":"@body('Tag_as_Approved_in_the_SharePoint_list')?['Description']","StartTravelDate":"@triggerBody()?['StartTravelDate']","EndTravelDate":"@body('Update_item')?['EndTravelDate']","LocationTravelingFrom":"@body('Tag_as_Approved_in_the_SharePoint_list')?['LocationTravelingFrom']","LocationTravelingTo":"@body('Tag_as_Approved_in_the_SharePoint_list')?['LocationTravelingTo']","ExpectedCost":"@body('Tag_as_Approved_in_the_SharePoint_list')?['ExpectedCost']","Status":{"Value":"Pending Approval From CEO"}},"path":"/datasets/@{encodeURIComponent(encodeURIComponent('https://capgemini.sharepoint.com/sites/Microsoft365Certificates/PowerAppsTraining'))}/tables/@{encodeURIComponent(encodeURIComponent('bca1a1c6-0fe1-45b2-b1bf-009ff73da435'))}/items/@{encodeURIComponent(body('Tag_as_Approved_in_the_SharePoint_list')?['ID'])}","authentication":"@parameters('$authentication')"}},"Apply_to_each":{"foreach":"@body('Second_Stage_Approval')?['responses']","actions":{"Send_an_email_(V2)":{"runAfter":{},"metadata":{"operationMetadataId":"b09181c9-0ade-421d-99a0-33a8333efe89","flowSystemMetadata":{"swaggerOperationId":"SendEmailV2"}},"type":"ApiConnection","inputs":{"host":{"connection":{"name":"@parameters('$connections')['shared_office365']['connectionId']"},"api":{"runtimeUrl":"https://flow-apim-europe-001-northeurope-01.azure-apim.net/apim/office365"}},"method":"post","body":{"To":"@body('Tag_as_Approved_in_the_SharePoint_list')?['Author']?['Email']","Subject":"Preview @{body('Tag_as_Approved_in_the_SharePoint_list')['Title']}","Body":"<p>Request has been Approved and Farworded to CEO<br>\nComments (If any):@{items('Apply_to_each')?['comments']}<br>\n</p>","Importance":"Normal"},"path":"/v2/Mail","authentication":"@parameters('$authentication')"}}},"runAfter":{},"metadata":{"operationMetadataId":"a539ce7c-d80b-48bc-8d5b-1ae13f7d9382"},"type":"Foreach"},"Start_and_wait_for_an_approval_2":{"runAfter":{"Update_item_2":["Succeeded"]},"metadata":{"operationMetadataId":"ed096473-1b4b-48f2-a6d7-a5c8583b01e9","flowSystemMetadata":{"swaggerOperationId":"StartAndWaitForAnApproval"}},"type":"ApiConnectionWebhook","inputs":{"host":{"connection":{"name":"@parameters('$connections')['shared_approvals']['connectionId']"},"api":{"runtimeUrl":"https://flow-apim-europe-001-westeurope-01.azure-apim.net/apim/approvals"}},"body":{"notificationUrl":"@{listCallbackUrl()}","responseOptions":["Approve","Reject","Need More Information From DM"],"title":"@body('Update_item_2')['Title']","assignedTo":"hema-phanendra-kumar-gowd.relangi@capgemini.com;","details":"Approve Requst For CEO","itemLink":"@body('Update_item_2')?['{Link}']","itemLinkDescription":"@body('Update_item_2')?['{Name}']","enableNotifications":true,"enableReassignment":true},"path":"/types/@{encodeURIComponent('CustomResponse')}/subscriptions","authentication":"@parameters('$authentication')"}},"Condition_3":{"actions":{"Condition_4":{"actions":{"Do_until":{"actions":{"Start_and_wait_for_an_approval":{"runAfter":{},"metadata":{"operationMetadataId":"0f833d01-c90a-4568-8990-0808cf8a3289","flowSystemMetadata":{"swaggerOperationId":"StartAndWaitForAnApproval"}},"type":"ApiConnectionWebhook","inputs":{"host":{"connection":{"name":"@parameters('$connections')['shared_approvals']['connectionId']"},"api":{"runtimeUrl":"https://flow-apim-europe-001-westeurope-01.azure-apim.net/apim/approvals"}},"body":{"notificationUrl":"@{listCallbackUrl()}","title":"Preview :@{body('Update_item_2')['Title']}","assignedTo":"hema-phanendra-kumar-gowd.relangi@capgemini.com;","details":"CEO Need more information about the approval of @{body('Start_and_wait_for_an_approval_2')?['title']}\nPlease Provide in Comment Section ","itemLink":"@body('Update_item_2')?['{Link}']","itemLinkDescription":"@body('Tag_as_Approved_in_the_SharePoint_list')?['{Name}']","enableNotifications":true,"enableReassignment":true},"path":"/types/@{encodeURIComponent('Basic')}/subscriptions","authentication":"@parameters('$authentication')"}},"Apply_to_each_7":{"foreach":"@body('Start_and_wait_for_an_approval')?['responses']","actions":{"Condition_5":{"actions":{},"runAfter":{},"else":{"actions":{"Set_variable":{"runAfter":{},"metadata":{"operationMetadataId":"83cb0ab0-6b8e-45a6-a92d-7566a15ed85c"},"type":"SetVariable","inputs":{"name":"Commants","value":"@true"}}}},"expression":{"equals":["@items('Apply_to_each_7')?['comments']","@null"]},"metadata":{"operationMetadataId":"a53a5ecd-3fcd-4d75-883d-2c45ecfd957e"},"type":"If"}},"runAfter":{"Start_and_wait_for_an_approval":["Succeeded"]},"metadata":{"operationMetadataId":"b220d142-6258-46ca-bb84-aace0f59fe23"},"type":"Foreach"}},"runAfter":{},"expression":"@equals(variables('Commants'), true)","limit":{"count":60,"timeout":"PT1H"},"metadata":{"operationMetadataId":"3035a1da-426f-46d0-b55e-e68838efe99f"},"type":"Until"},"Apply_to_each_8":{"foreach":"@body('Start_and_wait_for_an_approval')?['responses']","actions":{"Start_and_wait_for_an_approval_3":{"runAfter":{},"metadata":{"operationMetadataId":"079bb2d6-d65f-47da-a9f7-2bc0a084468e","flowSystemMetadata":{"swaggerOperationId":"StartAndWaitForAnApproval"}},"type":"ApiConnectionWebhook","inputs":{"host":{"connection":{"name":"@parameters('$connections')['shared_approvals']['connectionId']"},"api":{"runtimeUrl":"https://flow-apim-europe-001-westeurope-01.azure-apim.net/apim/approvals"}},"body":{"notificationUrl":"@{listCallbackUrl()}","title":"Preview:@{body('Start_and_wait_for_an_approval_2')?['title']}","assignedTo":"hema-phanendra-kumar-gowd.relangi@capgemini.com;","details":"the Department manager has mentioned Required details please check and Take Necessary actions\nComment:@{items('Apply_to_each_8')?['comments']}","itemLink":"@body('Update_item_2')?['{Link}']","itemLinkDescription":"@body('Update_item_2')?['{Name}']","enableNotifications":true,"enableReassignment":true},"path":"/types/@{encodeURIComponent('Basic')}/subscriptions","authentication":"@parameters('$authentication')"}},"Condition_6":{"actions":{"Update_item_6":{"runAfter":{},"metadata":{"operationMetadataId":"e418257c-3e28-4812-876f-3bd432392bf4","flowSystemMetadata":{"swaggerOperationId":"PatchItem"}},"type":"ApiConnection","inputs":{"host":{"connection":{"name":"@parameters('$connections')['shared_sharepointonline']['connectionId']"},"api":{"runtimeUrl":"https://flow-apim-europe-001-northeurope-01.azure-apim.net/apim/sharepointonline"}},"method":"patch","body":{"Title":"@body('Update_item_2')['Title']","EmployeeID":"@body('Update_item_2')['EmployeeID']","Description":"@body('Update_item_2')?['Description']","StartTravelDate":"@body('Update_item_2')?['StartTravelDate']","EndTravelDate":"@body('Update_item')?['EndTravelDate']","LocationTravelingFrom":"@body('Update_item_2')?['LocationTravelingFrom']","LocationTravelingTo":"@body('Update_item_2')?['LocationTravelingTo']","ExpectedCost":"@body('Update_item_2')?['ExpectedCost']","Status":{"Value":"Approved"}},"path":"/datasets/@{encodeURIComponent(encodeURIComponent('https://capgemini.sharepoint.com/sites/Microsoft365Certificates/PowerAppsTraining'))}/tables/@{encodeURIComponent(encodeURIComponent('bca1a1c6-0fe1-45b2-b1bf-009ff73da435'))}/items/@{encodeURIComponent(body('Update_item_2')?['ID'])}","authentication":"@parameters('$authentication')"}},"Send_an_email_(V2)_5":{"runAfter":{"Update_item_6":["Succeeded"]},"metadata":{"operationMetadataId":"78580f9a-75b5-43ab-99ab-9311994e4964","flowSystemMetadata":{"swaggerOperationId":"SendEmailV2"}},"type":"ApiConnection","inputs":{"host":{"connection":{"name":"@parameters('$connections')['shared_office365']['connectionId']"},"api":{"runtimeUrl":"https://flow-apim-europe-001-northeurope-01.azure-apim.net/apim/office365"}},"method":"post","body":{"To":"@body('Update_item_6')?['Author']?['Email']","Subject":"@body('Update_item_6')['Title']","Body":"<p>Your Request @{body('Update_item_6')['Title']} is Approved by CEO</p>","Importance":"Normal"},"path":"/v2/Mail","authentication":"@parameters('$authentication')"}}},"runAfter":{"Start_and_wait_for_an_approval_3":["Succeeded"]},"else":{"actions":{"Update_item_7":{"runAfter":{},"metadata":{"operationMetadataId":"0ce3de60-06e3-44fd-a20b-35a2710fbe74","flowSystemMetadata":{"swaggerOperationId":"PatchItem"}},"type":"ApiConnection","inputs":{"host":{"connection":{"name":"@parameters('$connections')['shared_sharepointonline']['connectionId']"},"api":{"runtimeUrl":"https://flow-apim-europe-001-northeurope-01.azure-apim.net/apim/sharepointonline"}},"method":"patch","body":{"Title":"@body('Update_item_2')['Title']","EmployeeID":"@body('Update_item_2')['EmployeeID']","Description":"@body('Update_item_2')?['Description']","StartTravelDate":"@body('Update_item')?['StartTravelDate']","EndTravelDate":"@body('Tag_as_Approved_in_the_SharePoint_list')?['EndTravelDate']","LocationTravelingFrom":"@body('Update_item_2')?['LocationTravelingFrom']","LocationTravelingTo":"@body('Update_item_2')?['LocationTravelingTo']","ExpectedCost":"@body('Tag_as_Approved_in_the_SharePoint_list')?['ExpectedCost']","Status":{"Value":"Rejected"}},"path":"/datasets/@{encodeURIComponent(encodeURIComponent('https://capgemini.sharepoint.com/sites/Microsoft365Certificates/PowerAppsTraining'))}/tables/@{encodeURIComponent(encodeURIComponent('bca1a1c6-0fe1-45b2-b1bf-009ff73da435'))}/items/@{encodeURIComponent(body('Update_item')?['ID'])}","authentication":"@parameters('$authentication')"}},"Send_an_email_(V2)_6":{"runAfter":{"Update_item_7":["Succeeded"]},"metadata":{"operationMetadataId":"4d9833ec-a929-4816-bd0b-819684a863cb","flowSystemMetadata":{"swaggerOperationId":"SendEmailV2"}},"type":"ApiConnection","inputs":{"host":{"connection":{"name":"@parameters('$connections')['shared_office365']['connectionId']"},"api":{"runtimeUrl":"https://flow-apim-europe-001-northeurope-01.azure-apim.net/apim/office365"}},"method":"post","body":{"To":"@body('Update_item_7')?['Author']?['Email']","Subject":"@body('Update_item_7')['Title']","Body":"<p>Your Request @{body('Update_item_7')['Title']} is Rejected by CEO</p>","Importance":"Normal"},"path":"/v2/Mail","authentication":"@parameters('$authentication')"}}}},"expression":{"equals":["@body('Start_and_wait_for_an_approval_3')?['outcome']","Approve"]},"metadata":{"operationMetadataId":"0454dc8d-6764-4211-8896-19707f5b8f13"},"type":"If"}},"runAfter":{"Do_until":["Succeeded"]},"metadata":{"operationMetadataId":"2f4c82a3-3a52-4189-973b-3af3fb279e29"},"type":"Foreach"}},"runAfter":{},"else":{"actions":{"Apply_to_each_6":{"foreach":"@body('Start_and_wait_for_an_approval_2')?['responses']","actions":{"Send_an_email_(V2)_4":{"runAfter":{},"metadata":{"operationMetadataId":"6e39eed8-2504-4aed-9430-53d6312b0a69","flowSystemMetadata":{"swaggerOperationId":"SendEmailV2"}},"type":"ApiConnection","inputs":{"host":{"connection":{"name":"@parameters('$connections')['shared_office365']['connectionId']"},"api":{"runtimeUrl":"https://flow-apim-europe-001-northeurope-01.azure-apim.net/apim/office365"}},"method":"post","body":{"To":"@body('Update_item_2')?['Author']?['Email']","Subject":"@body('Update_item_2')['Title']","Body":"<p>You Request @{body('Start_and_wait_for_an_approval_2')?['title']} is Approved By CEO<br>\nComment(If any): @{items('Apply_to_each_6')?['comments']}</p>","Importance":"Normal"},"path":"/v2/Mail","authentication":"@parameters('$authentication')"}}},"runAfter":{},"metadata":{"operationMetadataId":"24432576-2677-41dc-af2d-144d7ab086e1"},"type":"Foreach"},"Update_item_5":{"runAfter":{"Apply_to_each_6":["Succeeded"]},"metadata":{"operationMetadataId":"781633c3-4eb7-4fd8-b29e-84463c6a6b6a","flowSystemMetadata":{"swaggerOperationId":"PatchItem"}},"type":"ApiConnection","inputs":{"host":{"connection":{"name":"@parameters('$connections')['shared_sharepointonline']['connectionId']"},"api":{"runtimeUrl":"https://flow-apim-europe-001-northeurope-01.azure-apim.net/apim/sharepointonline"}},"method":"patch","body":{"Title":"@body('Update_item_2')['Title']","EmployeeID":"@body('Update_item_2')['EmployeeID']","Description":"@body('Update_item_2')?['Description']","StartTravelDate":"@body('Update_item_2')?['StartTravelDate']","EndTravelDate":"@body('Update_item_2')?['EndTravelDate']","LocationTravelingFrom":"@body('Update_item_2')?['LocationTravelingFrom']","LocationTravelingTo":"@body('Update_item_2')?['LocationTravelingTo']","ExpectedCost":"@body('Update_item_2')?['ExpectedCost']","Status":{"Value":"Approved"}},"path":"/datasets/@{encodeURIComponent(encodeURIComponent('https://capgemini.sharepoint.com/sites/Microsoft365Certificates/PowerAppsTraining'))}/tables/@{encodeURIComponent(encodeURIComponent('bca1a1c6-0fe1-45b2-b1bf-009ff73da435'))}/items/@{encodeURIComponent(body('Update_item_2')?['ID'])}","authentication":"@parameters('$authentication')"}}}},"expression":{"startsWith":["@body('Start_and_wait_for_an_approval_2')?['outcome']","Need"]},"metadata":{"operationMetadataId":"29566a32-ba1d-46e8-bc8d-afe4d26ebd09"},"type":"If"}},"runAfter":{"Start_and_wait_for_an_approval_2":["Succeeded"]},"else":{"actions":{"Update_item_4":{"runAfter":{},"metadata":{"operationMetadataId":"82fca440-6f20-45a9-9608-3d6afae42b0b","flowSystemMetadata":{"swaggerOperationId":"PatchItem"}},"type":"ApiConnection","inputs":{"host":{"connection":{"name":"@parameters('$connections')['shared_sharepointonline']['connectionId']"},"api":{"runtimeUrl":"https://flow-apim-europe-001-northeurope-01.azure-apim.net/apim/sharepointonline"}},"method":"patch","body":{"Title":"@body('Update_item_2')['Title']","EmployeeID":"@body('Update_item_2')['EmployeeID']","Description":"@body('Update_item_2')?['Description']","StartTravelDate":"@body('Update_item_2')?['StartTravelDate']","EndTravelDate":"@body('Update_item')?['EndTravelDate']","LocationTravelingFrom":"@body('Update_item_2')?['LocationTravelingFrom']","LocationTravelingTo":"@body('Update_item_2')?['LocationTravelingTo']","ExpectedCost":"@body('Update_item')?['ExpectedCost']","Status":{"Value":"Rejected"}},"path":"/datasets/@{encodeURIComponent(encodeURIComponent('https://capgemini.sharepoint.com/sites/Microsoft365Certificates/PowerAppsTraining'))}/tables/@{encodeURIComponent(encodeURIComponent('bca1a1c6-0fe1-45b2-b1bf-009ff73da435'))}/items/@{encodeURIComponent(body('Update_item_2')?['ID'])}","authentication":"@parameters('$authentication')"}},"Apply_to_each_3":{"foreach":"@body('Start_and_wait_for_an_approval_2')?['responses']","actions":{"Send_an_email_(V2)_3":{"runAfter":{},"metadata":{"operationMetadataId":"f2944ebd-bb39-49fd-9930-15bc271464c0","flowSystemMetadata":{"swaggerOperationId":"SendEmailV2"}},"type":"ApiConnection","inputs":{"host":{"connection":{"name":"@parameters('$connections')['shared_office365']['connectionId']"},"api":{"runtimeUrl":"https://flow-apim-europe-001-northeurope-01.azure-apim.net/apim/office365"}},"method":"post","body":{"To":"@body('Update_item_4')?['Author']?['Email']","Subject":"@body('Update_item_4')['Title']","Body":"<p>Your Request @{body('Update_item_4')['Title']} is Rejected By CEO<br>\nCommunts (If Any) :@{items('Apply_to_each_3')?['comments']}</p>","Importance":"Normal"},"path":"/v2/Mail","authentication":"@parameters('$authentication')"}}},"runAfter":{"Update_item_4":["Succeeded"]},"metadata":{"operationMetadataId":"0b367c27-a77d-42aa-9a8a-2b3b6e9a0099"},"type":"Foreach"}}},"expression":{"not":{"equals":["@body('Start_and_wait_for_an_approval_2')?['outcome']","Reject"]}},"metadata":{"operationMetadataId":"fbf5a1c5-9a36-45d1-a64e-af6892baa0a0"},"type":"If"}},"runAfter":{"Second_Stage_Approval":["Succeeded"]},"else":{"actions":{"Apply_to_each_2":{"foreach":"@body('Second_Stage_Approval')?['responses']","actions":{"Send_an_email_(V2)_2":{"runAfter":{},"metadata":{"operationMetadataId":"006884ed-7a09-4d33-841a-b1bee958de47","flowSystemMetadata":{"swaggerOperationId":"SendEmailV2"}},"type":"ApiConnection","inputs":{"host":{"connection":{"name":"@parameters('$connections')['shared_office365']['connectionId']"},"api":{"runtimeUrl":"https://flow-apim-europe-001-northeurope-01.azure-apim.net/apim/office365"}},"method":"post","body":{"To":"@body('Tag_as_Approved_in_the_SharePoint_list')?['Author']?['Email']","Subject":"Item: @{triggerBody()?['Title']} rejected","Body":"<p>Your request for @{triggerBody()?['Title']} has been rejected by . Comments (if any): @{items('Apply_to_each_2')?['comments']}</p>","Importance":"Normal"},"path":"/v2/Mail","authentication":"@parameters('$authentication')"}}},"runAfter":{},"metadata":{"operationMetadataId":"01c0407f-d143-438f-991d-4823738a5f49"},"type":"Foreach"},"Update_item_3":{"runAfter":{"Apply_to_each_2":["Succeeded"]},"metadata":{"operationMetadataId":"e3c92ff1-a551-45df-9fa6-a3d078e64cf2","flowSystemMetadata":{"swaggerOperationId":"PatchItem"}},"type":"ApiConnection","inputs":{"host":{"connection":{"name":"@parameters('$connections')['shared_sharepointonline']['connectionId']"},"api":{"runtimeUrl":"https://flow-apim-europe-001-northeurope-01.azure-apim.net/apim/sharepointonline"}},"method":"patch","body":{"Title":"@body('Tag_as_Approved_in_the_SharePoint_list')['Title']","EmployeeID":"@body('Tag_as_Approved_in_the_SharePoint_list')['EmployeeID']","Description":"@body('Tag_as_Approved_in_the_SharePoint_list')?['Description']","StartTravelDate":"@body('Update_item')?['StartTravelDate']","EndTravelDate":"@body('Tag_as_Approved_in_the_SharePoint_list')?['EndTravelDate']","LocationTravelingFrom":"@body('Tag_as_Approved_in_the_SharePoint_list')?['LocationTravelingFrom']","LocationTravelingTo":"@body('Tag_as_Approved_in_the_SharePoint_list')?['LocationTravelingTo']","ExpectedCost":"@body('Tag_as_Approved_in_the_SharePoint_list')?['ExpectedCost']","Status":{"Value":"Rejected"}},"path":"/datasets/@{encodeURIComponent(encodeURIComponent('https://capgemini.sharepoint.com/sites/Microsoft365Certificates/PowerAppsTraining'))}/tables/@{encodeURIComponent(encodeURIComponent('bca1a1c6-0fe1-45b2-b1bf-009ff73da435'))}/items/@{encodeURIComponent(body('Tag_as_Approved_in_the_SharePoint_list')?['ID'])}","authentication":"@parameters('$authentication')"}}}},"expression":{"contains":["@body('Second_Stage_Approval')?['outcome']","Approve"]},"metadata":{"operationMetadataId":"11d58cd2-30aa-4a43-8466-f26d4da11592"},"type":"If"},"Apply_to_each_4":{"foreach":"@body('Start_an_approval')?['responses']","actions":{"Inform_item_creator_of_approval":{"runAfter":{},"metadata":{"flowSystemMetadata":{"swaggerOperationId":"SendEmailV2"},"operationMetadataId":"345a4432-aa7f-4420-94d8-7d20ba5c74cf"},"type":"ApiConnection","inputs":{"host":{"connection":{"name":"@parameters('$connections')['shared_office365']['connectionId']"},"api":{"runtimeUrl":"https://flow-apim-europe-001-northeurope-01.azure-apim.net/apim/office365"}},"method":"post","body":{"To":"@{triggerBody()?['Author']?['Email']}","Subject":"Item: @{triggerBody()?['Title']} approved By Line Manager","Body":"Your request for @{triggerBody()?['Title']} has been approved by  and forwarded To Departement Management\nComments (if any): @{items('Apply_to_each_4')?['comments']}"},"path":"/v2/Mail","authentication":"@parameters('$authentication')"}}},"runAfter":{},"metadata":{"operationMetadataId":"baee0a0d-5d04-4f0b-83fc-031ef2532d86"},"type":"Foreach"}},"runAfter":{"Start_an_approval":["Succeeded"]},"else":{"actions":{"Tag_as_Rejected_in_the_SharePoint_list":{"runAfter":{"Apply_to_each_5":["Succeeded"]},"metadata":{"flowSystemMetadata":{"swaggerOperationId":"PatchItem"},"operationMetadataId":"ab3e898a-ab09-40f6-ae5c-9f69369aa88d"},"type":"ApiConnection","inputs":{"host":{"connection":{"name":"@parameters('$connections')['shared_sharepointonline']['connectionId']"},"api":{"runtimeUrl":"https://flow-apim-europe-001-northeurope-01.azure-apim.net/apim/sharepointonline"}},"method":"patch","body":{"Title":"@body('Update_item')['Title']","EmployeeID":"@body('Update_item')['EmployeeID']","Description":"@body('Update_item')?['Description']","StartTravelDate":"@triggerBody()?['StartTravelDate']","EndTravelDate":"@triggerBody()?['EndTravelDate']","LocationTravelingFrom":"@triggerBody()?['LocationTravelingFrom']","LocationTravelingTo":"@triggerBody()?['LocationTravelingTo']","ExpectedCost":"@triggerBody()?['ExpectedCost']","Status":{"Value":"Rejected"}},"path":"/datasets/@{encodeURIComponent(encodeURIComponent('https://capgemini.sharepoint.com/sites/Microsoft365Certificates/PowerAppsTraining'))}/tables/@{encodeURIComponent(encodeURIComponent('bca1a1c6-0fe1-45b2-b1bf-009ff73da435'))}/items/@{encodeURIComponent(body('Update_item')?['ID'])}","authentication":"@parameters('$authentication')"}},"Apply_to_each_5":{"foreach":"@body('Start_an_approval')?['responses']","actions":{"Inform_item_creator_of_rejection":{"runAfter":{},"metadata":{"flowSystemMetadata":{"swaggerOperationId":"SendEmailV2"},"operationMetadataId":"8bc0afd5-6111-4781-acc6-d6568b824ce7"},"type":"ApiConnection","inputs":{"host":{"connection":{"name":"@parameters('$connections')['shared_office365']['connectionId']"},"api":{"runtimeUrl":"https://flow-apim-europe-001-northeurope-01.azure-apim.net/apim/office365"}},"method":"post","body":{"To":"@{triggerBody()?['Author']?['Email']}","Subject":"Item: @{triggerBody()?['Title']} rejected","Body":"Your request for @{triggerBody()?['Title']} has been rejected by . Comments (if any): @{items('Apply_to_each_5')?['comments']}"},"path":"/v2/Mail","authentication":"@parameters('$authentication')"}}},"runAfter":{},"metadata":{"operationMetadataId":"442293b6-9328-4990-9143-bcc77e2341c5"},"type":"Foreach"}}},"expression":"@equals(body('Start_an_approval')?['outcome'], 'Approve')","metadata":{"operationMetadataId":"c8a86d2c-60e7-44f0-ab50-5a8af186c891"},"type":"If"},"Update_item":{"runAfter":{"Initialize_variable":["Succeeded"]},"metadata":{"flowSystemMetadata":{"swaggerOperationId":"PatchItem"},"operationMetadataId":"f92eb6cc-5b4c-4cc6-896b-add707d79820"},"type":"ApiConnection","inputs":{"host":{"connection":{"name":"@parameters('$connections')['shared_sharepointonline']['connectionId']"},"api":{"runtimeUrl":"https://flow-apim-europe-001-northeurope-01.azure-apim.net/apim/sharepointonline"}},"method":"patch","body":{"Title":"@triggerBody()?['Title']","EmployeeID":"@triggerBody()?['EmployeeID']","Description":"@triggerBody()?['Description']","StartTravelDate":"@triggerBody()?['StartTravelDate']","EndTravelDate":"@triggerBody()?['EndTravelDate']","LocationTravelingFrom":"@triggerBody()?['LocationTravelingFrom']","LocationTravelingTo":"@triggerBody()?['LocationTravelingTo']","ExpectedCost":"@triggerBody()?['ExpectedCost']","Status":{"Value":"Pending Approval From Line Manager"}},"path":"/datasets/@{encodeURIComponent(encodeURIComponent('https://capgemini.sharepoint.com/sites/Microsoft365Certificates/PowerAppsTraining'))}/tables/@{encodeURIComponent(encodeURIComponent('bca1a1c6-0fe1-45b2-b1bf-009ff73da435'))}/items/@{encodeURIComponent(triggerBody()?['ID'])}","authentication":"@parameters('$authentication')"}},"Start_an_approval":{"runAfter":{"Update_item":["Succeeded"]},"metadata":{"operationMetadataId":"252efeea-caec-4f9e-b2a1-c75ace1268f3","flowSystemMetadata":{"swaggerOperationId":"StartAndWaitForAnApproval"}},"type":"ApiConnectionWebhook","inputs":{"host":{"connection":{"name":"@parameters('$connections')['shared_approvals']['connectionId']"},"api":{"runtimeUrl":"https://flow-apim-europe-001-westeurope-01.azure-apim.net/apim/approvals"}},"body":{"notificationUrl":"@{listCallbackUrl()}","title":"Please review: @{triggerBody()?['Title']}","assignedTo":"@{body('Update_item')?['ManagerAlias']?['Email']};","details":"@{triggerBody()?['Author']?['DisplayName']} at @{triggerBody()?['Created']}","itemLink":"@triggerBody()?['{Link}']","itemLinkDescription":"@triggerBody()?['{Name}']","enableNotifications":true,"enableReassignment":true},"path":"/types/@{encodeURIComponent('Basic')}/subscriptions","authentication":"@parameters('$authentication')"}},"Initialize_variable":{"runAfter":{},"metadata":{"operationMetadataId":"cf3e878d-4965-47fe-ac1e-ccbf1243ed36"},"type":"InitializeVariable","inputs":{"variables":[{"name":"Commants","type":"boolean","value":"@false"}]}}},"description":"Request an approval from anyone in the organization for a travel request. An approver may view their approval requests in the Approvals Center and by email. Approval requests are managed through SharePoint list items, and once a request is approved or declined, the person initiating the request will receive a confirmation email. The SharePoint list must contain the columns: Title, Status."},"connectionReferences":{"shared_sharepointonline":{"connectionName":"shared-sharepointonl-9da13b26-f555-4321-9871-d7896ec96a46","source":"Embedded","id":"/providers/Microsoft.PowerApps/apis/shared_sharepointonline","tier":"NotSpecified"},"shared_approvals":{"connectionName":"shared-approvals-544f2b77-b7ad-4cc1-b88d-acf0fcb0264b","source":"Embedded","id":"/providers/Microsoft.PowerApps/apis/shared_approvals","tier":"NotSpecified"},"shared_office365":{"connectionName":"shared-office365-64e68929-f80a-4f16-9ea1-7773d29830ac","source":"Embedded","id":"/providers/Microsoft.PowerApps/apis/shared_office365","tier":"NotSpecified"}},"flowFailureAlertSubscribed":false,"isManaged":false}}